LOCATION;INDICATOR;SUBJECT;MEASURE;FREQUENCY;TIME;Value;;;Tax Wedge
AUS;TAXWEDGE;TOT;PC_LC;A;2000;31.011.854;31011854;31011854;31,01185%
AUS;TAXWEDGE;TOT;PC_LC;A;2001;27.630.069;27630069;27630069;27,63007%
AUS;TAXWEDGE;TOT;PC_LC;A;2002;27.973.221;27973221;27973221;27,97322%
AUS;TAXWEDGE;TOT;PC_LC;A;2003;28.246.566;28246566;28246566;28,24657%
AUS;TAXWEDGE;TOT;PC_LC;A;2004;28.192.745;28192745;28192745;28,19275%
AUS;TAXWEDGE;TOT;PC_LC;A;2005;2.850.802;28508020;28508020;28,50802%
AUS;TAXWEDGE;TOT;PC_LC;A;2006;28.281.561;28281561;28281561;28,28156%
AUS;TAXWEDGE;TOT;PC_LC;A;2007;27.697.401;27697401;27697401;27,69740%
AUS;TAXWEDGE;TOT;PC_LC;A;2008;26.931.992;26931992;26931992;26,93199%
AUS;TAXWEDGE;TOT;PC_LC;A;2009;26.748.796;26748796;26748796;26,74880%
AUS;TAXWEDGE;TOT;PC_LC;A;2010;26.829.039;26829039;26829039;26,82904%
AUS;TAXWEDGE;TOT;PC_LC;A;2011;26.650.257;26650257;26650257;26,65026%
AUS;TAXWEDGE;TOT;PC_LC;A;2012;27.273.247;27273247;27273247;27,27325%
AUS;TAXWEDGE;TOT;PC_LC;A;2013;27.415.207;27415207;27415207;27,41521%
AUS;TAXWEDGE;TOT;PC_LC;A;2014;27.662.194;27662194;27662194;27,66219%
AUS;TAXWEDGE;TOT;PC_LC;A;2015;28.344.366;28344366;28344366;28,34437%
AUS;TAXWEDGE;TOT;PC_LC;A;2016;28.570.916;28570916;28570916;28,57092%
AUS;TAXWEDGE;TOT;PC_LC;A;2017;28.616.701;28616701;28616701;28,61670%
AUS;TAXWEDGE;TOT;PC_LC;A;2018;28.889.201;28889201;28889201;28,88920%
AUS;TAXWEDGE;TOT;PC_LC;A;2019;27.938.607;27938607;27938607;27,93861%
AUS;TAXWEDGE;TOT;PC_LC;A;2020;28.354.825;28354825;28354825;28,35483%
AUT;TAXWEDGE;TOT;PC_LC;A;2000;47.312.048;47312048;47312048;47,31205%
AUT;TAXWEDGE;TOT;PC_LC;A;2001;46.910.884;46910884;46910884;46,91088%
AUT;TAXWEDGE;TOT;PC_LC;A;2002;47.073.607;47073607;47073607;47,07361%
AUT;TAXWEDGE;TOT;PC_LC;A;2003;47.377.708;47377708;47377708;47,37771%
AUT;TAXWEDGE;TOT;PC_LC;A;2004;48.266.145;48266145;48266145;48,26615%
AUT;TAXWEDGE;TOT;PC_LC;A;2005;4.814.329;48143290;48143290;48,14329%
AUT;TAXWEDGE;TOT;PC_LC;A;2006;48.453.854;48453854;48453854;48,45385%
AUT;TAXWEDGE;TOT;PC_LC;A;2007;48.760.437;48760437;48760437;48,76044%
AUT;TAXWEDGE;TOT;PC_LC;A;2008;49.033.048;49033048;49033048;49,03305%
AUT;TAXWEDGE;TOT;PC_LC;A;2009;47.948.742;47948742;47948742;47,94874%
AUT;TAXWEDGE;TOT;PC_LC;A;2010;48.168.771;48168771;48168771;48,16877%
AUT;TAXWEDGE;TOT;PC_LC;A;2011;48.539.773;48539773;48539773;48,53977%
AUT;TAXWEDGE;TOT;PC_LC;A;2012;48.839.612;48839612;48839612;48,83961%
AUT;TAXWEDGE;TOT;PC_LC;A;2013;49.183.759;49183759;49183759;49,18376%
AUT;TAXWEDGE;TOT;PC_LC;A;2014;49.415.725;49415725;49415725;49,41573%
AUT;TAXWEDGE;TOT;PC_LC;A;2015;49.616.021;49616021;49616021;49,61602%
AUT;TAXWEDGE;TOT;PC_LC;A;2016;47.331.796;47331796;47331796;47,33180%
AUT;TAXWEDGE;TOT;PC_LC;A;2017;47.420.241;47420241;47420241;47,42024%
AUT;TAXWEDGE;TOT;PC_LC;A;2018;47.618.571;47618571;47618571;47,61857%
AUT;TAXWEDGE;TOT;PC_LC;A;2019;47.904.752;47904752;47904752;47,90475%
AUT;TAXWEDGE;TOT;PC_LC;A;2020;47.344.522;47344522;47344522;47,34452%
BEL;TAXWEDGE;TOT;PC_LC;A;2000;57.103.642;57103642;57103642;57,10364%
BEL;TAXWEDGE;TOT;PC_LC;A;2001;56.660.819;56660819;56660819;56,66082%
BEL;TAXWEDGE;TOT;PC_LC;A;2002;5.633.123;56331230;56331230;56,33123%
BEL;TAXWEDGE;TOT;PC_LC;A;2003;5.574.007;55740070;55740070;55,74007%
BEL;TAXWEDGE;TOT;PC_LC;A;2004;55.433.739;55433739;55433739;55,43374%
BEL;TAXWEDGE;TOT;PC_LC;A;2005;55.510.421;55510421;55510421;55,51042%
BEL;TAXWEDGE;TOT;PC_LC;A;2006;55.486.275;55486275;55486275;55,48628%
BEL;TAXWEDGE;TOT;PC_LC;A;2007;55.560.067;55560067;55560067;55,56007%
BEL;TAXWEDGE;TOT;PC_LC;A;2008;5.588.346;55883460;55883460;55,88346%
BEL;TAXWEDGE;TOT;PC_LC;A;2009;55.653.902;55653902;55653902;55,65390%
BEL;TAXWEDGE;TOT;PC_LC;A;2010;55.932.147;55932147;55932147;55,93215%
BEL;TAXWEDGE;TOT;PC_LC;A;2011;56.086.594;56086594;56086594;56,08659%
BEL;TAXWEDGE;TOT;PC_LC;A;2012;55.993.728;55993728;55993728;55,99373%
BEL;TAXWEDGE;TOT;PC_LC;A;2013;5.565.689;55656890;55656890;55,65689%
BEL;TAXWEDGE;TOT;PC_LC;A;2014;55.592.807;55592807;55592807;55,59281%
BEL;TAXWEDGE;TOT;PC_LC;A;2015;55.277.696;55277696;55277696;55,27770%
BEL;TAXWEDGE;TOT;PC_LC;A;2016;53.945.234;53945234;53945234;53,94523%
BEL;TAXWEDGE;TOT;PC_LC;A;2017;53.760.736;53760736;53760736;53,76074%
BEL;TAXWEDGE;TOT;PC_LC;A;2018;52.720.688;52720688;52720688;52,72069%
BEL;TAXWEDGE;TOT;PC_LC;A;2019;52.298.451;52298451;52298451;52,29845%
BEL;TAXWEDGE;TOT;PC_LC;A;2020;51.542.613;51542613;51542613;51,54261%
CAN;TAXWEDGE;TOT;PC_LC;A;2000;32.893.949;32893949;32893949;32,89395%
CAN;TAXWEDGE;TOT;PC_LC;A;2001;31.531.028;31531028;31531028;31,53103%
CAN;TAXWEDGE;TOT;PC_LC;A;2002;31.708.589;31708589;31708589;31,70859%
CAN;TAXWEDGE;TOT;PC_LC;A;2003;31.670.832;31670832;31670832;31,67083%
CAN;TAXWEDGE;TOT;PC_LC;A;2004;31.856.013;31856013;31856013;31,85601%
CAN;TAXWEDGE;TOT;PC_LC;A;2005;31.852.046;31852046;31852046;31,85205%
CAN;TAXWEDGE;TOT;PC_LC;A;2006;3.174.384;31743840;31743840;31,74384%
CAN;TAXWEDGE;TOT;PC_LC;A;2007;3.125.298;31252980;31252980;31,25298%
CAN;TAXWEDGE;TOT;PC_LC;A;2008;31.255.424;31255424;31255424;31,25542%
CAN;TAXWEDGE;TOT;PC_LC;A;2009;30.515.127;30515127;30515127;30,51513%
CAN;TAXWEDGE;TOT;PC_LC;A;2010;30.391.521;30391521;30391521;30,39152%
CAN;TAXWEDGE;TOT;PC_LC;A;2011;30.641.166;30641166;30641166;30,64117%
CAN;TAXWEDGE;TOT;PC_LC;A;2012;30.789.629;30789629;30789629;30,78963%
CAN;TAXWEDGE;TOT;PC_LC;A;2013;31.007.601;31007601;31007601;31,00760%
CAN;TAXWEDGE;TOT;PC_LC;A;2014;31.582.646;31582646;31582646;31,58265%
CAN;TAXWEDGE;TOT;PC_LC;A;2015;31.539.446;31539446;31539446;31,53945%
CAN;TAXWEDGE;TOT;PC_LC;A;2016;31.373.907;31373907;31373907;31,37391%
CAN;TAXWEDGE;TOT;PC_LC;A;2017;30.602.363;30602363;30602363;30,60236%
CAN;TAXWEDGE;TOT;PC_LC;A;2018;3.081.559;30815590;30815590;30,81559%
CAN;TAXWEDGE;TOT;PC_LC;A;2019;30.524.577;30524577;30524577;30,52458%
CAN;TAXWEDGE;TOT;PC_LC;A;2020;30.378.439;30378439;30378439;30,37844%
CZE;TAXWEDGE;TOT;PC_LC;A;2000;42.585.757;42585757;42585757;42,58576%
CZE;TAXWEDGE;TOT;PC_LC;A;2001;42.587.997;42587997;42587997;42,58800%
CZE;TAXWEDGE;TOT;PC_LC;A;2002;42.975.246;42975246;42975246;42,97525%
CZE;TAXWEDGE;TOT;PC_LC;A;2003;43.212.722;43212722;43212722;43,21272%
CZE;TAXWEDGE;TOT;PC_LC;A;2004;43.518.341;43518341;43518341;43,51834%
CZE;TAXWEDGE;TOT;PC_LC;A;2005;43.729.066;43729066;43729066;43,72907%
CZE;TAXWEDGE;TOT;PC_LC;A;2006;4.252.621;42526210;42526210;42,52621%
CZE;TAXWEDGE;TOT;PC_LC;A;2007;42.883.267;42883267;42883267;42,88327%
CZE;TAXWEDGE;TOT;PC_LC;A;2008;43.436.631;43436631;43436631;43,43663%
CZE;TAXWEDGE;TOT;PC_LC;A;2009;42.005.939;42005939;42005939;42,00594%
CZE;TAXWEDGE;TOT;PC_LC;A;2010;42.130.289;42130289;42130289;42,13029%
CZE;TAXWEDGE;TOT;PC_LC;A;2011;42.607.351;42607351;42607351;42,60735%
CZE;TAXWEDGE;TOT;PC_LC;A;2012;42.454.052;42454052;42454052;42,45405%
CZE;TAXWEDGE;TOT;PC_LC;A;2013;42.441.222;42441222;42441222;42,44122%
CZE;TAXWEDGE;TOT;PC_LC;A;2014;42.614.247;42614247;42614247;42,61425%
CZE;TAXWEDGE;TOT;PC_LC;A;2015;42.800.453;42800453;42800453;42,80045%
CZE;TAXWEDGE;TOT;PC_LC;A;2016;43.043.752;43043752;43043752;43,04375%
CZE;TAXWEDGE;TOT;PC_LC;A;2017;433.951;4339510;43395100;43,39510%
CZE;TAXWEDGE;TOT;PC_LC;A;2018;43.741.403;43741403;43741403;43,74140%
CZE;TAXWEDGE;TOT;PC_LC;A;2019;43.896.181;43896181;43896181;43,89618%
CZE;TAXWEDGE;TOT;PC_LC;A;2020;43.867.644;43867644;43867644;43,86764%
DNK;TAXWEDGE;TOT;PC_LC;A;2000;41.454.608;41454608;41454608;41,45461%
DNK;TAXWEDGE;TOT;PC_LC;A;2001;40.637.426;40637426;40637426;40,63743%
DNK;TAXWEDGE;TOT;PC_LC;A;2002;39.966.891;39966891;39966891;39,96689%
DNK;TAXWEDGE;TOT;PC_LC;A;2003;39.957.662;39957662;39957662;39,95766%
DNK;TAXWEDGE;TOT;PC_LC;A;2004;3.860.587;38605870;38605870;38,60587%
DNK;TAXWEDGE;TOT;PC_LC;A;2005;3.848.639;38486390;38486390;38,48639%
DNK;TAXWEDGE;TOT;PC_LC;A;2006;3.858.812;38588120;38588120;38,58812%
DNK;TAXWEDGE;TOT;PC_LC;A;2007;38.765.757;38765757;38765757;38,76576%
DNK;TAXWEDGE;TOT;PC_LC;A;2008;38.584.203;38584203;38584203;38,58420%
DNK;TAXWEDGE;TOT;PC_LC;A;2009;37.188.637;37188637;37188637;37,18864%
DNK;TAXWEDGE;TOT;PC_LC;A;2010;35.939.591;35939591;35939591;35,93959%
DNK;TAXWEDGE;TOT;PC_LC;A;2011;36.082.605;36082605;36082605;36,08261%
DNK;TAXWEDGE;TOT;PC_LC;A;2012;36.155.981;36155981;36155981;36,15598%
DNK;TAXWEDGE;TOT;PC_LC;A;2013;3.579.447;35794470;35794470;35,79447%
DNK;TAXWEDGE;TOT;PC_LC;A;2014;35.632.274;35632274;35632274;35,63227%
DNK;TAXWEDGE;TOT;PC_LC;A;2015;35.892.394;35892394;35892394;35,89239%
DNK;TAXWEDGE;TOT;PC_LC;A;2016;35.872.315;35872315;35872315;35,87232%
DNK;TAXWEDGE;TOT;PC_LC;A;2017;35.805.903;35805903;35805903;35,80590%
DNK;TAXWEDGE;TOT;PC_LC;A;2018;35.369.717;35369717;35369717;35,36972%
DNK;TAXWEDGE;TOT;PC_LC;A;2019;35.483.618;35483618;35483618;35,48362%
DNK;TAXWEDGE;TOT;PC_LC;A;2020;35.229.587;35229587;35229587;35,22959%
FIN;TAXWEDGE;TOT;PC_LC;A;2000;47.523.951;47523951;47523951;47,52395%
FIN;TAXWEDGE;TOT;PC_LC;A;2001;46.092.829;46092829;46092829;46,09283%
FIN;TAXWEDGE;TOT;PC_LC;A;2002;45.658.889;45658889;45658889;45,65889%
FIN;TAXWEDGE;TOT;PC_LC;A;2003;44.764.667;44764667;44764667;44,76467%
FIN;TAXWEDGE;TOT;PC_LC;A;2004;44.223.765;44223765;44223765;44,22377%
FIN;TAXWEDGE;TOT;PC_LC;A;2005;44.391.512;44391512;44391512;44,39151%
FIN;TAXWEDGE;TOT;PC_LC;A;2006;44.022.571;44022571;44022571;44,02257%
FIN;TAXWEDGE;TOT;PC_LC;A;2007;43.881.646;43881646;43881646;43,88165%
FIN;TAXWEDGE;TOT;PC_LC;A;2008;4.383.802;43838020;43838020;43,83802%
FIN;TAXWEDGE;TOT;PC_LC;A;2009;42.495.874;42495874;42495874;42,49587%
FIN;TAXWEDGE;TOT;PC_LC;A;2010;42.292.463;42292463;42292463;42,29246%
FIN;TAXWEDGE;TOT;PC_LC;A;2011;42.346.324;42346324;42346324;42,34632%
FIN;TAXWEDGE;TOT;PC_LC;A;2012;4.248.978;42489780;42489780;42,48978%
FIN;TAXWEDGE;TOT;PC_LC;A;2013;43.109.455;43109455;43109455;43,10946%
FIN;TAXWEDGE;TOT;PC_LC;A;2014;43.595.602;43595602;43595602;43,59560%
FIN;TAXWEDGE;TOT;PC_LC;A;2015;43.512.412;43512412;43512412;43,51241%
FIN;TAXWEDGE;TOT;PC_LC;A;2016;44.114.717;44114717;44114717;44,11472%
FIN;TAXWEDGE;TOT;PC_LC;A;2017;42.971.371;42971371;42971371;42,97137%
FIN;TAXWEDGE;TOT;PC_LC;A;2018;42.620.574;42620574;42620574;42,62057%
FIN;TAXWEDGE;TOT;PC_LC;A;2019;42.082.202;42082202;42082202;42,08220%
FIN;TAXWEDGE;TOT;PC_LC;A;2020;41.157.777;41157777;41157777;41,15778%
FRA;TAXWEDGE;TOT;PC_LC;A;2000;50.428.738;50428738;50428738;50,42874%
FRA;TAXWEDGE;TOT;PC_LC;A;2001;50.074.061;50074061;50074061;50,07406%
FRA;TAXWEDGE;TOT;PC_LC;A;2002;49.861.442;49861442;49861442;49,86144%
FRA;TAXWEDGE;TOT;PC_LC;A;2003;50.105.372;50105372;50105372;50,10537%
FRA;TAXWEDGE;TOT;PC_LC;A;2004;50.295.141;50295141;50295141;50,29514%
FRA;TAXWEDGE;TOT;PC_LC;A;2005;50.506.981;50506981;50506981;50,50698%
FRA;TAXWEDGE;TOT;PC_LC;A;2006;49.746.218;49746218;49746218;49,74622%
FRA;TAXWEDGE;TOT;PC_LC;A;2007;49.748.358;49748358;49748358;49,74836%
FRA;TAXWEDGE;TOT;PC_LC;A;2008;49.764.421;49764421;49764421;49,76442%
FRA;TAXWEDGE;TOT;PC_LC;A;2009;49.836.415;49836415;49836415;49,83642%
FRA;TAXWEDGE;TOT;PC_LC;A;2010;49.897.129;49897129;49897129;49,89713%
FRA;TAXWEDGE;TOT;PC_LC;A;2011;49.963.928;49963928;49963928;49,96393%
FRA;TAXWEDGE;TOT;PC_LC;A;2012;50.095.021;50095021;50095021;50,09502%
FRA;TAXWEDGE;TOT;PC_LC;A;2013;48.814.028;48814028;48814028;48,81403%
FRA;TAXWEDGE;TOT;PC_LC;A;2014;48.387.327;48387327;48387327;48,38733%
FRA;TAXWEDGE;TOT;PC_LC;A;2015;48.508.895;48508895;48508895;48,50890%
FRA;TAXWEDGE;TOT;PC_LC;A;2016;48.024.802;48024802;48024802;48,02480%
FRA;TAXWEDGE;TOT;PC_LC;A;2017;47.589.333;47589333;47589333;47,58933%
FRA;TAXWEDGE;TOT;PC_LC;A;2018;47.582.036;47582036;47582036;47,58204%
FRA;TAXWEDGE;TOT;PC_LC;A;2019;47.198.774;47198774;47198774;47,19877%
FRA;TAXWEDGE;TOT;PC_LC;A;2020;46.639.891;46639891;46639891;46,63989%
DEU;TAXWEDGE;TOT;PC_LC;A;2000;52.863.749;52863749;52863749;52,86375%
DEU;TAXWEDGE;TOT;PC_LC;A;2001;51.909.506;51909506;51909506;51,90951%
DEU;TAXWEDGE;TOT;PC_LC;A;2002;52.474.167;52474167;52474167;52,47417%
DEU;TAXWEDGE;TOT;PC_LC;A;2003;53.196.448;53196448;53196448;53,19645%
DEU;TAXWEDGE;TOT;PC_LC;A;2004;52.235.619;52235619;52235619;52,23562%
DEU;TAXWEDGE;TOT;PC_LC;A;2005;52.134.375;52134375;52134375;52,13438%
DEU;TAXWEDGE;TOT;PC_LC;A;2006;52.314.298;52314298;52314298;52,31430%
DEU;TAXWEDGE;TOT;PC_LC;A;2007;51.798.265;51798265;51798265;51,79827%
DEU;TAXWEDGE;TOT;PC_LC;A;2008;51.343.991;51343991;51343991;51,34399%
DEU;TAXWEDGE;TOT;PC_LC;A;2009;50.789.115;50789115;50789115;50,78912%
DEU;TAXWEDGE;TOT;PC_LC;A;2010;49.049.591;49049591;49049591;49,04959%
DEU;TAXWEDGE;TOT;PC_LC;A;2011;49.676.747;49676747;49676747;49,67675%
DEU;TAXWEDGE;TOT;PC_LC;A;2012;49.653.493;49653493;49653493;49,65349%
DEU;TAXWEDGE;TOT;PC_LC;A;2013;49.264.716;49264716;49264716;49,26472%
DEU;TAXWEDGE;TOT;PC_LC;A;2014;49.314.137;49314137;49314137;49,31414%
DEU;TAXWEDGE;TOT;PC_LC;A;2015;49.449.011;49449011;49449011;49,44901%
DEU;TAXWEDGE;TOT;PC_LC;A;2016;49.540.753;49540753;49540753;49,54075%
DEU;TAXWEDGE;TOT;PC_LC;A;2017;49.584.077;49584077;49584077;49,58408%
DEU;TAXWEDGE;TOT;PC_LC;A;2018;49.527.267;49527267;49527267;49,52727%
DEU;TAXWEDGE;TOT;PC_LC;A;2019;49.314.296;49314296;49314296;49,31430%
DEU;TAXWEDGE;TOT;PC_LC;A;2020;49.037.829;49037829;49037829;49,03783%
GRC;TAXWEDGE;TOT;PC_LC;A;2000;38.728.212;38728212;38728212;38,72821%
GRC;TAXWEDGE;TOT;PC_LC;A;2001;3.813.145;38131450;38131450;38,13145%
GRC;TAXWEDGE;TOT;PC_LC;A;2002;39.146.756;39146756;39146756;39,14676%
GRC;TAXWEDGE;TOT;PC_LC;A;2003;3.970.232;39702320;39702320;39,70232%
GRC;TAXWEDGE;TOT;PC_LC;A;2004;41.131.152;41131152;41131152;41,13115%
GRC;TAXWEDGE;TOT;PC_LC;A;2005;41.209.532;41209532;41209532;41,20953%
GRC;TAXWEDGE;TOT;PC_LC;A;2006;42.154.246;42154246;42154246;42,15425%
GRC;TAXWEDGE;TOT;PC_LC;A;2007;41.959.412;41959412;41959412;41,95941%
GRC;TAXWEDGE;TOT;PC_LC;A;2008;41.401.046;41401046;41401046;41,40105%
GRC;TAXWEDGE;TOT;PC_LC;A;2009;41.166.362;41166362;41166362;41,16636%
GRC;TAXWEDGE;TOT;PC_LC;A;2010;39.977.535;39977535;39977535;39,97754%
GRC;TAXWEDGE;TOT;PC_LC;A;2011;42.875.196;42875196;42875196;42,87520%
GRC;TAXWEDGE;TOT;PC_LC;A;2012;42.812.157;42812157;42812157;42,81216%
GRC;TAXWEDGE;TOT;PC_LC;A;2013;41.086.354;41086354;41086354;41,08635%
GRC;TAXWEDGE;TOT;PC_LC;A;2014;40.187.901;40187901;40187901;40,18790%
GRC;TAXWEDGE;TOT;PC_LC;A;2015;38.920.519;38920519;38920519;38,92052%
GRC;TAXWEDGE;TOT;PC_LC;A;2016;40.280.817;40280817;40280817;40,28082%
GRC;TAXWEDGE;TOT;PC_LC;A;2017;40.594.216;40594216;40594216;40,59422%
GRC;TAXWEDGE;TOT;PC_LC;A;2018;40.955.021;40955021;40955021;40,95502%
GRC;TAXWEDGE;TOT;PC_LC;A;2019;40.926.373;40926373;40926373;40,92637%
GRC;TAXWEDGE;TOT;PC_LC;A;2020;4.012.138;40121380;40121380;40,12138%
HUN;TAXWEDGE;TOT;PC_LC;A;2000;54.675.755;54675755;54675755;54,67576%
HUN;TAXWEDGE;TOT;PC_LC;A;2001;55.803.417;55803417;55803417;55,80342%
HUN;TAXWEDGE;TOT;PC_LC;A;2002;53.739.384;53739384;53739384;53,73938%
HUN;TAXWEDGE;TOT;PC_LC;A;2003;50.763.152;50763152;50763152;50,76315%
HUN;TAXWEDGE;TOT;PC_LC;A;2004;51.743.499;51743499;51743499;51,74350%
HUN;TAXWEDGE;TOT;PC_LC;A;2005;51.073.936;51073936;51073936;51,07394%
HUN;TAXWEDGE;TOT;PC_LC;A;2006;5.191.661;51916610;51916610;51,91661%
HUN;TAXWEDGE;TOT;PC_LC;A;2007;54.533.102;54533102;54533102;54,53310%
HUN;TAXWEDGE;TOT;PC_LC;A;2008;54.097.725;54097725;54097725;54,09773%
HUN;TAXWEDGE;TOT;PC_LC;A;2009;53.097.249;53097249;53097249;53,09725%
HUN;TAXWEDGE;TOT;PC_LC;A;2010;46.605.061;46605061;46605061;46,60506%
HUN;TAXWEDGE;TOT;PC_LC;A;2011;49.493.277;49493277;49493277;49,49328%
HUN;TAXWEDGE;TOT;PC_LC;A;2012;49.519.793;49519793;49519793;49,51979%
HUN;TAXWEDGE;TOT;PC_LC;A;2013;49.027.237;49027237;49027237;49,02724%
HUN;TAXWEDGE;TOT;PC_LC;A;2014;49.027.237;49027237;49027237;49,02724%
HUN;TAXWEDGE;TOT;PC_LC;A;2015;49.027.237;49027237;49027237;49,02724%
HUN;TAXWEDGE;TOT;PC_LC;A;2016;48.249.027;48249027;48249027;48,24903%
HUN;TAXWEDGE;TOT;PC_LC;A;2017;46.153.846;46153846;46153846;46,15385%
HUN;TAXWEDGE;TOT;PC_LC;A;2018;45.041.322;45041322;45041322;45,04132%
HUN;TAXWEDGE;TOT;PC_LC;A;2019;44.583.333;44583333;44583333;44,58333%
HUN;TAXWEDGE;TOT;PC_LC;A;2020;43.644.068;43644068;43644068;43,64407%
ISL;TAXWEDGE;TOT;PC_LC;A;2000;28.833.356;28833356;28833356;28,83336%
ISL;TAXWEDGE;TOT;PC_LC;A;2001;29.337.573;29337573;29337573;29,33757%
ISL;TAXWEDGE;TOT;PC_LC;A;2002;30.862.872;30862872;30862872;30,86287%
ISL;TAXWEDGE;TOT;PC_LC;A;2003;31.517.635;31517635;31517635;31,51764%
ISL;TAXWEDGE;TOT;PC_LC;A;2004;31.931.303;31931303;31931303;31,93130%
ISL;TAXWEDGE;TOT;PC_LC;A;2005;32.052.113;32052113;32052113;32,05211%
ISL;TAXWEDGE;TOT;PC_LC;A;2006;31.760.389;31760389;31760389;31,76039%
ISL;TAXWEDGE;TOT;PC_LC;A;2007;30.539.833;30539833;30539833;30,53983%
ISL;TAXWEDGE;TOT;PC_LC;A;2008;30.936.688;30936688;30936688;30,93669%
ISL;TAXWEDGE;TOT;PC_LC;A;2009;30.525.266;30525266;30525266;30,52527%
ISL;TAXWEDGE;TOT;PC_LC;A;2010;33.362.908;33362908;33362908;33,36291%
ISL;TAXWEDGE;TOT;PC_LC;A;2011;34.080.548;34080548;34080548;34,08055%
ISL;TAXWEDGE;TOT;PC_LC;A;2012;33.818.231;33818231;33818231;33,81823%
ISL;TAXWEDGE;TOT;PC_LC;A;2013;34.119.549;34119549;34119549;34,11955%
ISL;TAXWEDGE;TOT;PC_LC;A;2014;33.927.186;33927186;33927186;33,92719%
ISL;TAXWEDGE;TOT;PC_LC;A;2015;34.277.062;34277062;34277062;34,27706%
ISL;TAXWEDGE;TOT;PC_LC;A;2016;33.901.883;33901883;33901883;33,90188%
ISL;TAXWEDGE;TOT;PC_LC;A;2017;32.845.351;32845351;32845351;32,84535%
ISL;TAXWEDGE;TOT;PC_LC;A;2018;32.900.425;32900425;32900425;32,90043%
ISL;TAXWEDGE;TOT;PC_LC;A;2019;32.742.695;32742695;32742695;32,74270%
ISL;TAXWEDGE;TOT;PC_LC;A;2020;32.300.237;32300237;32300237;32,30024%
IRL;TAXWEDGE;TOT;PC_LC;A;2000;35.312.125;35312125;35312125;35,31213%
IRL;TAXWEDGE;TOT;PC_LC;A;2001;31.709.847;31709847;31709847;31,70985%
IRL;TAXWEDGE;TOT;PC_LC;A;2002;29.487.785;29487785;29487785;29,48779%
IRL;TAXWEDGE;TOT;PC_LC;A;2003;30.416.768;30416768;30416768;30,41677%
IRL;TAXWEDGE;TOT;PC_LC;A;2004;3.097.389;30973890;30973890;30,97389%
IRL;TAXWEDGE;TOT;PC_LC;A;2005;30.317.498;30317498;30317498;30,31750%
IRL;TAXWEDGE;TOT;PC_LC;A;2006;29.119.889;29119889;29119889;29,11989%
IRL;TAXWEDGE;TOT;PC_LC;A;2007;28.077.575;28077575;28077575;28,07758%
IRL;TAXWEDGE;TOT;PC_LC;A;2008;28.173.153;28173153;28173153;28,17315%
IRL;TAXWEDGE;TOT;PC_LC;A;2009;29.818.056;29818056;29818056;29,81806%
IRL;TAXWEDGE;TOT;PC_LC;A;2010;30.875.013;30875013;30875013;30,87501%
IRL;TAXWEDGE;TOT;PC_LC;A;2011;32.563.837;32563837;32563837;32,56384%
IRL;TAXWEDGE;TOT;PC_LC;A;2012;33.015.446;33015446;33015446;33,01545%
IRL;TAXWEDGE;TOT;PC_LC;A;2013;33.859.867;33859867;33859867;33,85987%
IRL;TAXWEDGE;TOT;PC_LC;A;2014;34.030.829;34030829;34030829;34,03083%
IRL;TAXWEDGE;TOT;PC_LC;A;2015;33.219.641;33219641;33219641;33,21964%
IRL;TAXWEDGE;TOT;PC_LC;A;2016;32.658.988;32658988;32658988;32,65899%
IRL;TAXWEDGE;TOT;PC_LC;A;2017;32.580.372;32580372;32580372;32,58037%
IRL;TAXWEDGE;TOT;PC_LC;A;2018;32.901.447;32901447;32901447;32,90145%
IRL;TAXWEDGE;TOT;PC_LC;A;2019;33.165.138;33165138;33165138;33,16514%
IRL;TAXWEDGE;TOT;PC_LC;A;2020;32.306.054;32306054;32306054;32,30605%
ITA;TAXWEDGE;TOT;PC_LC;A;2000;47.080.116;47080116;47080116;47,08012%
ITA;TAXWEDGE;TOT;PC_LC;A;2001;46.573.693;46573693;46573693;46,57369%
ITA;TAXWEDGE;TOT;PC_LC;A;2002;46.550.047;46550047;46550047;46,55005%
ITA;TAXWEDGE;TOT;PC_LC;A;2003;45.973.631;45973631;45973631;45,97363%
ITA;TAXWEDGE;TOT;PC_LC;A;2004;46.283.141;46283141;46283141;46,28314%
ITA;TAXWEDGE;TOT;PC_LC;A;2005;45.904.517;45904517;45904517;45,90452%
ITA;TAXWEDGE;TOT;PC_LC;A;2006;46.054.402;46054402;46054402;46,05440%
ITA;TAXWEDGE;TOT;PC_LC;A;2007;46.388.348;46388348;46388348;46,38835%
ITA;TAXWEDGE;TOT;PC_LC;A;2008;46.645.578;46645578;46645578;46,64558%
ITA;TAXWEDGE;TOT;PC_LC;A;2009;46.791.249;46791249;46791249;46,79125%
ITA;TAXWEDGE;TOT;PC_LC;A;2010;47.175.866;47175866;47175866;47,17587%
ITA;TAXWEDGE;TOT;PC_LC;A;2011;47.596.501;47596501;47596501;47,59650%
ITA;TAXWEDGE;TOT;PC_LC;A;2012;47.722.719;47722719;47722719;47,72272%
ITA;TAXWEDGE;TOT;PC_LC;A;2013;47.838.911;47838911;47838911;47,83891%
ITA;TAXWEDGE;TOT;PC_LC;A;2014;47.780.933;47780933;47780933;47,78093%
ITA;TAXWEDGE;TOT;PC_LC;A;2015;47.828.028;47828028;47828028;47,82803%
ITA;TAXWEDGE;TOT;PC_LC;A;2016;47.764.797;47764797;47764797;47,76480%
ITA;TAXWEDGE;TOT;PC_LC;A;2017;4.766.339;47663390;47663390;47,66339%
ITA;TAXWEDGE;TOT;PC_LC;A;2018;47.729.699;47729699;47729699;47,72970%
ITA;TAXWEDGE;TOT;PC_LC;A;2019;47.955.321;47955321;47955321;47,95532%
ITA;TAXWEDGE;TOT;PC_LC;A;2020;46.047.386;46047386;46047386;46,04739%
JPN;TAXWEDGE;TOT;PC_LC;A;2000;29.836.575;29836575;29836575;29,83658%
JPN;TAXWEDGE;TOT;PC_LC;A;2001;29.883.094;29883094;29883094;29,88309%
JPN;TAXWEDGE;TOT;PC_LC;A;2002;30.198.663;30198663;30198663;30,19866%
JPN;TAXWEDGE;TOT;PC_LC;A;2003;27.355.795;27355795;27355795;27,35580%
JPN;TAXWEDGE;TOT;PC_LC;A;2004;27.338.675;27338675;27338675;27,33868%
JPN;TAXWEDGE;TOT;PC_LC;A;2005;27.734.618;27734618;27734618;27,73462%
JPN;TAXWEDGE;TOT;PC_LC;A;2006;2.878.548;28785480;28785480;28,78548%
JPN;TAXWEDGE;TOT;PC_LC;A;2007;29.312.332;29312332;29312332;29,31233%
JPN;TAXWEDGE;TOT;PC_LC;A;2008;29.465.224;29465224;29465224;29,46522%
JPN;TAXWEDGE;TOT;PC_LC;A;2009;29.182.996;29182996;29182996;29,18300%
JPN;TAXWEDGE;TOT;PC_LC;A;2010;30.227.255;30227255;30227255;30,22726%
JPN;TAXWEDGE;TOT;PC_LC;A;2011;30.848.741;30848741;30848741;30,84874%
JPN;TAXWEDGE;TOT;PC_LC;A;2012;31.274.649;31274649;31274649;31,27465%
JPN;TAXWEDGE;TOT;PC_LC;A;2013;31.575.901;31575901;31575901;31,57590%
JPN;TAXWEDGE;TOT;PC_LC;A;2014;31.960.026;31960026;31960026;31,96003%
JPN;TAXWEDGE;TOT;PC_LC;A;2015;32.293.991;32293991;32293991;32,29399%
JPN;TAXWEDGE;TOT;PC_LC;A;2016;32.442.855;32442855;32442855;32,44286%
JPN;TAXWEDGE;TOT;PC_LC;A;2017;32.515.095;32515095;32515095;32,51510%
JPN;TAXWEDGE;TOT;PC_LC;A;2018;32.655.921;32655921;32655921;32,65592%
JPN;TAXWEDGE;TOT;PC_LC;A;2019;3.269.821;32698210;32698210;32,69821%
JPN;TAXWEDGE;TOT;PC_LC;A;2020;32.677.373;32677373;32677373;32,67737%
KOR;TAXWEDGE;TOT;PC_LC;A;2000;16.360.407;16360407;16360407;16,36041%
KOR;TAXWEDGE;TOT;PC_LC;A;2001;16.494.447;16494447;16494447;16,49445%
KOR;TAXWEDGE;TOT;PC_LC;A;2002;1.611.149;16111490;16111490;16,11149%
KOR;TAXWEDGE;TOT;PC_LC;A;2003;16.404.462;16404462;16404462;16,40446%
KOR;TAXWEDGE;TOT;PC_LC;A;2004;17.045.936;17045936;17045936;17,04594%
KOR;TAXWEDGE;TOT;PC_LC;A;2005;17.305.513;17305513;17305513;17,30551%
KOR;TAXWEDGE;TOT;PC_LC;A;2006;18.162.303;18162303;18162303;18,16230%
KOR;TAXWEDGE;TOT;PC_LC;A;2007;19.718.794;19718794;19718794;19,71879%
KOR;TAXWEDGE;TOT;PC_LC;A;2008;19.965.299;19965299;19965299;19,96530%
KOR;TAXWEDGE;TOT;PC_LC;A;2009;19.457.853;19457853;19457853;19,45785%
KOR;TAXWEDGE;TOT;PC_LC;A;2010;20.135.998;20135998;20135998;20,13600%
KOR;TAXWEDGE;TOT;PC_LC;A;2011;19.981.169;19981169;19981169;19,98117%
KOR;TAXWEDGE;TOT;PC_LC;A;2012;20.527.567;20527567;20527567;20,52757%
KOR;TAXWEDGE;TOT;PC_LC;A;2013;20.976.441;20976441;20976441;20,97644%
KOR;TAXWEDGE;TOT;PC_LC;A;2014;2.115.093;21150930;21150930;21,15093%
KOR;TAXWEDGE;TOT;PC_LC;A;2015;21.442.658;21442658;21442658;21,44266%
KOR;TAXWEDGE;TOT;PC_LC;A;2016;21.801.701;21801701;21801701;21,80170%
KOR;TAXWEDGE;TOT;PC_LC;A;2017;22.012.269;22012269;22012269;22,01227%
KOR;TAXWEDGE;TOT;PC_LC;A;2018;22.444.356;22444356;22444356;22,44436%
KOR;TAXWEDGE;TOT;PC_LC;A;2019;22.948.979;22948979;22948979;22,94898%
KOR;TAXWEDGE;TOT;PC_LC;A;2020;23.256.300;23256300;23256300;23,25630%
LUX;TAXWEDGE;TOT;PC_LC;A;2000;35.837.515;35837515;35837515;35,83752%
LUX;TAXWEDGE;TOT;PC_LC;A;2001;34.482.069;34482069;34482069;34,48207%
LUX;TAXWEDGE;TOT;PC_LC;A;2002;31.586.815;31586815;31586815;31,58682%
LUX;TAXWEDGE;TOT;PC_LC;A;2003;32.118.925;32118925;32118925;32,11893%
LUX;TAXWEDGE;TOT;PC_LC;A;2004;32.529.147;32529147;32529147;32,52915%
LUX;TAXWEDGE;TOT;PC_LC;A;2005;33.394.871;33394871;33394871;33,39487%
LUX;TAXWEDGE;TOT;PC_LC;A;2006;34.007.649;34007649;34007649;34,00765%
LUX;TAXWEDGE;TOT;PC_LC;A;2007;35.019.248;35019248;35019248;35,01925%
LUX;TAXWEDGE;TOT;PC_LC;A;2008;34.655.372;34655372;34655372;34,65537%
LUX;TAXWEDGE;TOT;PC_LC;A;2009;34.899.073;34899073;34899073;34,89907%
LUX;TAXWEDGE;TOT;PC_LC;A;2010;35.272.591;35272591;35272591;35,27259%
LUX;TAXWEDGE;TOT;PC_LC;A;2011;37.255.858;37255858;37255858;37,25586%
LUX;TAXWEDGE;TOT;PC_LC;A;2012;37.078.398;37078398;37078398;37,07840%
LUX;TAXWEDGE;TOT;PC_LC;A;2013;38.223.856;38223856;38223856;38,22386%
LUX;TAXWEDGE;TOT;PC_LC;A;2014;38.635.000;38635000;38635000;38,63500%
LUX;TAXWEDGE;TOT;PC_LC;A;2015;39.488.219;39488219;39488219;39,48822%
LUX;TAXWEDGE;TOT;PC_LC;A;2016;39.579.291;39579291;39579291;39,57929%
LUX;TAXWEDGE;TOT;PC_LC;A;2017;37.792.258;37792258;37792258;37,79226%
LUX;TAXWEDGE;TOT;PC_LC;A;2018;38.234.213;38234213;38234213;38,23421%
LUX;TAXWEDGE;TOT;PC_LC;A;2019;38.459.965;38459965;38459965;38,45997%
LUX;TAXWEDGE;TOT;PC_LC;A;2020;37.542.138;37542138;37542138;37,54214%
MEX;TAXWEDGE;TOT;PC_LC;A;2000;12.681.444;12681444;12681444;12,68144%
MEX;TAXWEDGE;TOT;PC_LC;A;2001;1.329.133;13291330;13291330;13,29133%
MEX;TAXWEDGE;TOT;PC_LC;A;2002;15.874.748;15874748;15874748;15,87475%
MEX;TAXWEDGE;TOT;PC_LC;A;2003;16.820.677;16820677;16820677;16,82068%
MEX;TAXWEDGE;TOT;PC_LC;A;2004;15.300.682;15300682;15300682;15,30068%
MEX;TAXWEDGE;TOT;PC_LC;A;2005;14.743.151;14743151;14743151;14,74315%
MEX;TAXWEDGE;TOT;PC_LC;A;2006;15.054.513;15054513;15054513;15,05451%
MEX;TAXWEDGE;TOT;PC_LC;A;2007;15.937.642;15937642;15937642;15,93764%
MEX;TAXWEDGE;TOT;PC_LC;A;2008;15.082.913;15082913;15082913;15,08291%
MEX;TAXWEDGE;TOT;PC_LC;A;2009;15.323.398;15323398;15323398;15,32340%
MEX;TAXWEDGE;TOT;PC_LC;A;2010;15.984.065;15984065;15984065;15,98407%
MEX;TAXWEDGE;TOT;PC_LC;A;2011;18.730.213;18730213;18730213;18,73021%
MEX;TAXWEDGE;TOT;PC_LC;A;2012;19.008.463;19008463;19008463;19,00846%
MEX;TAXWEDGE;TOT;PC_LC;A;2013;19.257.555;19257555;19257555;19,25756%
MEX;TAXWEDGE;TOT;PC_LC;A;2014;19.529.179;19529179;19529179;19,52918%
MEX;TAXWEDGE;TOT;PC_LC;A;2015;19.800.317;19800317;19800317;19,80032%
MEX;TAXWEDGE;TOT;PC_LC;A;2016;20.107.327;20107327;20107327;20,10733%
MEX;TAXWEDGE;TOT;PC_LC;A;2017;20.396.707;20396707;20396707;20,39671%
MEX;TAXWEDGE;TOT;PC_LC;A;2018;19.737.757;19737757;19737757;19,73776%
MEX;TAXWEDGE;TOT;PC_LC;A;2019;20.197.927;20197927;20197927;20,19793%
MEX;TAXWEDGE;TOT;PC_LC;A;2020;20.187.982;20187982;20187982;20,18798%
NLD;TAXWEDGE;TOT;PC_LC;A;2000;40.043.015;40043015;40043015;40,04302%
NLD;TAXWEDGE;TOT;PC_LC;A;2001;37.350.382;37350382;37350382;37,35038%
NLD;TAXWEDGE;TOT;PC_LC;A;2002;37.447.259;37447259;37447259;37,44726%
NLD;TAXWEDGE;TOT;PC_LC;A;2003;37.171.713;37171713;37171713;37,17171%
NLD;TAXWEDGE;TOT;PC_LC;A;2004;38.834.032;38834032;38834032;38,83403%
NLD;TAXWEDGE;TOT;PC_LC;A;2005;38.919.605;38919605;38919605;38,91961%
NLD;TAXWEDGE;TOT;PC_LC;A;2006;38.400.642;38400642;38400642;38,40064%
NLD;TAXWEDGE;TOT;PC_LC;A;2007;38.672.191;38672191;38672191;38,67219%
NLD;TAXWEDGE;TOT;PC_LC;A;2008;39.200.442;39200442;39200442;39,20044%
NLD;TAXWEDGE;TOT;PC_LC;A;2009;38.021.452;38021452;38021452;38,02145%
NLD;TAXWEDGE;TOT;PC_LC;A;2010;38.096.998;38096998;38096998;38,09700%
NLD;TAXWEDGE;TOT;PC_LC;A;2011;38.033.615;38033615;38033615;38,03362%
NLD;TAXWEDGE;TOT;PC_LC;A;2012;38.619.973;38619973;38619973;38,61997%
NLD;TAXWEDGE;TOT;PC_LC;A;2013;40.646.542;40646542;40646542;40,64654%
NLD;TAXWEDGE;TOT;PC_LC;A;2014;38.970.531;38970531;38970531;38,97053%
NLD;TAXWEDGE;TOT;PC_LC;A;2015;36.954.461;36954461;36954461;36,95446%
NLD;TAXWEDGE;TOT;PC_LC;A;2016;37.245.227;37245227;37245227;37,24523%
NLD;TAXWEDGE;TOT;PC_LC;A;2017;37.395.055;37395055;37395055;37,39506%
NLD;TAXWEDGE;TOT;PC_LC;A;2018;37.755.185;37755185;37755185;37,75519%
NLD;TAXWEDGE;TOT;PC_LC;A;2019;36.959.184;36959184;36959184;36,95918%
NLD;TAXWEDGE;TOT;PC_LC;A;2020;36.423.792;36423792;36423792;36,42379%
NZL;TAXWEDGE;TOT;PC_LC;A;2000;19.367.838;19367838;19367838;19,36784%
NZL;TAXWEDGE;TOT;PC_LC;A;2001;1.936.221;19362210;19362210;19,36221%
NZL;TAXWEDGE;TOT;PC_LC;A;2002;19.416.535;19416535;19416535;19,41654%
NZL;TAXWEDGE;TOT;PC_LC;A;2003;19.459.168;19459168;19459168;19,45917%
NZL;TAXWEDGE;TOT;PC_LC;A;2004;19.713.631;19713631;19713631;19,71363%
NZL;TAXWEDGE;TOT;PC_LC;A;2005;20.032.028;20032028;20032028;20,03203%
NZL;TAXWEDGE;TOT;PC_LC;A;2006;20.439.708;20439708;20439708;20,43971%
NZL;TAXWEDGE;TOT;PC_LC;A;2007;21.075.868;21075868;21075868;21,07587%
NZL;TAXWEDGE;TOT;PC_LC;A;2008;20.511.511;20511511;20511511;20,51151%
NZL;TAXWEDGE;TOT;PC_LC;A;2009;18.073.907;18073907;18073907;18,07391%
NZL;TAXWEDGE;TOT;PC_LC;A;2010;16.991.699;16991699;16991699;16,99170%
NZL;TAXWEDGE;TOT;PC_LC;A;2011;15.869.015;15869015;15869015;15,86902%
NZL;TAXWEDGE;TOT;PC_LC;A;2012;16.387.925;16387925;16387925;16,38793%
NZL;TAXWEDGE;TOT;PC_LC;A;2013;16.888.079;16888079;16888079;16,88808%
NZL;TAXWEDGE;TOT;PC_LC;A;2014;17.247.182;17247182;17247182;17,24718%
NZL;TAXWEDGE;TOT;PC_LC;A;2015;1.756.015;17560150;17560150;17,56015%
NZL;TAXWEDGE;TOT;PC_LC;A;2016;17.892.244;17892244;17892244;17,89224%
NZL;TAXWEDGE;TOT;PC_LC;A;2017;18.134.095;18134095;18134095;18,13410%
NZL;TAXWEDGE;TOT;PC_LC;A;2018;1.843.605;18436050;18436050;18,43605%
NZL;TAXWEDGE;TOT;PC_LC;A;2019;18.774.706;18774706;18774706;18,77471%
NZL;TAXWEDGE;TOT;PC_LC;A;2020;19.119.252;19119252;19119252;19,11925%
NOR;TAXWEDGE;TOT;PC_LC;A;2000;38.561.634;38561634;38561634;38,56163%
NOR;TAXWEDGE;TOT;PC_LC;A;2001;39.223.273;39223273;39223273;39,22327%
NOR;TAXWEDGE;TOT;PC_LC;A;2002;38.645.123;38645123;38645123;38,64512%
NOR;TAXWEDGE;TOT;PC_LC;A;2003;38.087.978;38087978;38087978;38,08798%
NOR;TAXWEDGE;TOT;PC_LC;A;2004;38.148.446;38148446;38148446;38,14845%
NOR;TAXWEDGE;TOT;PC_LC;A;2005;37.244.688;37244688;37244688;37,24469%
NOR;TAXWEDGE;TOT;PC_LC;A;2006;37.415.916;37415916;37415916;37,41592%
NOR;TAXWEDGE;TOT;PC_LC;A;2007;37.537.132;37537132;37537132;37,53713%
NOR;TAXWEDGE;TOT;PC_LC;A;2008;37.586.889;37586889;37586889;37,58689%
NOR;TAXWEDGE;TOT;PC_LC;A;2009;3.730.349;37303490;37303490;37,30349%
NOR;TAXWEDGE;TOT;PC_LC;A;2010;37.291.511;37291511;37291511;37,29151%
NOR;TAXWEDGE;TOT;PC_LC;A;2011;37.571.439;37571439;37571439;37,57144%
NOR;TAXWEDGE;TOT;PC_LC;A;2012;37.405.343;37405343;37405343;37,40534%
NOR;TAXWEDGE;TOT;PC_LC;A;2013;37.353.963;37353963;37353963;37,35396%
NOR;TAXWEDGE;TOT;PC_LC;A;2014;36.904.145;36904145;36904145;36,90415%
NOR;TAXWEDGE;TOT;PC_LC;A;2015;3.668.174;36681740;36681740;36,68174%
NOR;TAXWEDGE;TOT;PC_LC;A;2016;36.253.332;36253332;36253332;36,25333%
NOR;TAXWEDGE;TOT;PC_LC;A;2017;35.952.164;35952164;35952164;35,95216%
NOR;TAXWEDGE;TOT;PC_LC;A;2018;35.833.319;35833319;35833319;35,83332%
NOR;TAXWEDGE;TOT;PC_LC;A;2019;35.759.085;35759085;35759085;35,75909%
NOR;TAXWEDGE;TOT;PC_LC;A;2020;358.033;3580330;35803300;35,80330%
POL;TAXWEDGE;TOT;PC_LC;A;2000;3.816.724;38167240;38167240;38,16724%
POL;TAXWEDGE;TOT;PC_LC;A;2001;38.046.188;38046188;38046188;38,04619%
POL;TAXWEDGE;TOT;PC_LC;A;2002;37.983.875;37983875;37983875;37,98388%
POL;TAXWEDGE;TOT;PC_LC;A;2003;38.236.921;38236921;38236921;38,23692%
POL;TAXWEDGE;TOT;PC_LC;A;2004;38.444.196;38444196;38444196;38,44420%
POL;TAXWEDGE;TOT;PC_LC;A;2005;3.869.536;38695360;38695360;38,69536%
POL;TAXWEDGE;TOT;PC_LC;A;2006;38.953.777;38953777;38953777;38,95378%
POL;TAXWEDGE;TOT;PC_LC;A;2007;38.161.958;38161958;38161958;38,16196%
POL;TAXWEDGE;TOT;PC_LC;A;2008;34.692.522;34692522;34692522;34,69252%
POL;TAXWEDGE;TOT;PC_LC;A;2009;34.123.775;34123775;34123775;34,12378%
POL;TAXWEDGE;TOT;PC_LC;A;2010;34.211.232;34211232;34211232;34,21123%
POL;TAXWEDGE;TOT;PC_LC;A;2011;34.321.659;34321659;34321659;34,32166%
POL;TAXWEDGE;TOT;PC_LC;A;2012;3.551.103;35511030;35511030;35,51103%
POL;TAXWEDGE;TOT;PC_LC;A;2013;35.569.952;35569952;35569952;35,56995%
POL;TAXWEDGE;TOT;PC_LC;A;2014;35.675.176;35675176;35675176;35,67518%
POL;TAXWEDGE;TOT;PC_LC;A;2015;35.729.066;35729066;35729066;35,72907%
POL;TAXWEDGE;TOT;PC_LC;A;2016;35.579.167;35579167;35579167;35,57917%
POL;TAXWEDGE;TOT;PC_LC;A;2017;35.657.537;35657537;35657537;35,65754%
POL;TAXWEDGE;TOT;PC_LC;A;2018;35.762.082;35762082;35762082;35,76208%
POL;TAXWEDGE;TOT;PC_LC;A;2019;3.557.765;35577650;35577650;35,57765%
POL;TAXWEDGE;TOT;PC_LC;A;2020;34.817.688;34817688;34817688;34,81769%
PRT;TAXWEDGE;TOT;PC_LC;A;2000;37.331.801;37331801;37331801;37,33180%
PRT;TAXWEDGE;TOT;PC_LC;A;2001;36.436.956;36436956;36436956;36,43696%
PRT;TAXWEDGE;TOT;PC_LC;A;2002;37.571.481;37571481;37571481;37,57148%
PRT;TAXWEDGE;TOT;PC_LC;A;2003;37.368.579;37368579;37368579;37,36858%
PRT;TAXWEDGE;TOT;PC_LC;A;2004;3.740.016;37400160;37400160;37,40016%
PRT;TAXWEDGE;TOT;PC_LC;A;2005;36.796.095;36796095;36796095;36,79610%
PRT;TAXWEDGE;TOT;PC_LC;A;2006;37.523.852;37523852;37523852;37,52385%
PRT;TAXWEDGE;TOT;PC_LC;A;2007;37.325.414;37325414;37325414;37,32541%
PRT;TAXWEDGE;TOT;PC_LC;A;2008;36.946.905;36946905;36946905;36,94691%
PRT;TAXWEDGE;TOT;PC_LC;A;2009;36.537.074;36537074;36537074;36,53707%
PRT;TAXWEDGE;TOT;PC_LC;A;2010;37.131.515;37131515;37131515;37,13152%
PRT;TAXWEDGE;TOT;PC_LC;A;2011;38.000.937;38000937;38000937;38,00094%
PRT;TAXWEDGE;TOT;PC_LC;A;2012;37.601.224;37601224;37601224;37,60122%
PRT;TAXWEDGE;TOT;PC_LC;A;2013;41.361.608;41361608;41361608;41,36161%
PRT;TAXWEDGE;TOT;PC_LC;A;2014;41.128.618;41128618;41128618;41,12862%
PRT;TAXWEDGE;TOT;PC_LC;A;2015;42.118.898;42118898;42118898;42,11890%
PRT;TAXWEDGE;TOT;PC_LC;A;2016;41.500.465;41500465;41500465;41,50047%
PRT;TAXWEDGE;TOT;PC_LC;A;2017;41.393.009;41393009;41393009;41,39301%
PRT;TAXWEDGE;TOT;PC_LC;A;2018;40.898.407;40898407;40898407;40,89841%
PRT;TAXWEDGE;TOT;PC_LC;A;2019;41.242.276;41242276;41242276;41,24228%
PRT;TAXWEDGE;TOT;PC_LC;A;2020;41.301.756;41301756;41301756;41,30176%
SVK;TAXWEDGE;TOT;PC_LC;A;2000;42.143.066;42143066;42143066;42,14307%
SVK;TAXWEDGE;TOT;PC_LC;A;2001;42.911.691;42911691;42911691;42,91169%
SVK;TAXWEDGE;TOT;PC_LC;A;2002;42.494.532;42494532;42494532;42,49453%
SVK;TAXWEDGE;TOT;PC_LC;A;2003;42.915.992;42915992;42915992;42,91599%
SVK;TAXWEDGE;TOT;PC_LC;A;2004;42.534.212;42534212;42534212;42,53421%
SVK;TAXWEDGE;TOT;PC_LC;A;2005;38.360.433;38360433;38360433;38,36043%
SVK;TAXWEDGE;TOT;PC_LC;A;2006;38.571.286;38571286;38571286;38,57129%
SVK;TAXWEDGE;TOT;PC_LC;A;2007;38.643.065;38643065;38643065;38,64307%
SVK;TAXWEDGE;TOT;PC_LC;A;2008;39.023.409;39023409;39023409;39,02341%
SVK;TAXWEDGE;TOT;PC_LC;A;2009;37.875.722;37875722;37875722;37,87572%
SVK;TAXWEDGE;TOT;PC_LC;A;2010;38.098.494;38098494;38098494;38,09849%
SVK;TAXWEDGE;TOT;PC_LC;A;2011;39.021.094;39021094;39021094;39,02109%
SVK;TAXWEDGE;TOT;PC_LC;A;2012;39.795.796;39795796;39795796;39,79580%
SVK;TAXWEDGE;TOT;PC_LC;A;2013;41.283.611;41283611;41283611;41,28361%
SVK;TAXWEDGE;TOT;PC_LC;A;2014;41.402.609;41402609;41402609;41,40261%
SVK;TAXWEDGE;TOT;PC_LC;A;2015;41.520.143;41520143;41520143;41,52014%
SVK;TAXWEDGE;TOT;PC_LC;A;2016;41.664.039;41664039;41664039;41,66404%
SVK;TAXWEDGE;TOT;PC_LC;A;2017;41.734.351;41734351;41734351;41,73435%
SVK;TAXWEDGE;TOT;PC_LC;A;2018;41.860.356;41860356;41860356;41,86036%
SVK;TAXWEDGE;TOT;PC_LC;A;2019;41.867.944;41867944;41867944;41,86794%
SVK;TAXWEDGE;TOT;PC_LC;A;2020;41.244.528;41244528;41244528;41,24453%
ESP;TAXWEDGE;TOT;PC_LC;A;2000;38.627.724;38627724;38627724;38,62772%
ESP;TAXWEDGE;TOT;PC_LC;A;2001;38.858.001;38858001;38858001;38,85800%
ESP;TAXWEDGE;TOT;PC_LC;A;2002;39.101.446;39101446;39101446;39,10145%
ESP;TAXWEDGE;TOT;PC_LC;A;2003;3.858.189;38581890;38581890;38,58189%
ESP;TAXWEDGE;TOT;PC_LC;A;2004;38.809.975;38809975;38809975;38,80998%
ESP;TAXWEDGE;TOT;PC_LC;A;2005;38.968.565;38968565;38968565;38,96857%
ESP;TAXWEDGE;TOT;PC_LC;A;2006;39.112.234;39112234;39112234;39,11223%
ESP;TAXWEDGE;TOT;PC_LC;A;2007;38.987.028;38987028;38987028;38,98703%
ESP;TAXWEDGE;TOT;PC_LC;A;2008;37.991.003;37991003;37991003;37,99100%
ESP;TAXWEDGE;TOT;PC_LC;A;2009;38.257.526;38257526;38257526;38,25753%
ESP;TAXWEDGE;TOT;PC_LC;A;2010;39.746.546;39746546;39746546;39,74655%
ESP;TAXWEDGE;TOT;PC_LC;A;2011;39.985.142;39985142;39985142;39,98514%
ESP;TAXWEDGE;TOT;PC_LC;A;2012;40.615.097;40615097;40615097;40,61510%
ESP;TAXWEDGE;TOT;PC_LC;A;2013;40.660.487;40660487;40660487;40,66049%
ESP;TAXWEDGE;TOT;PC_LC;A;2014;40.716.086;40716086;40716086;40,71609%
ESP;TAXWEDGE;TOT;PC_LC;A;2015;39.389.283;39389283;39389283;39,38928%
ESP;TAXWEDGE;TOT;PC_LC;A;2016;39.379.123;39379123;39379123;39,37912%
ESP;TAXWEDGE;TOT;PC_LC;A;2017;39.258.454;39258454;39258454;39,25845%
ESP;TAXWEDGE;TOT;PC_LC;A;2018;39.383.498;39383498;39383498;39,38350%
ESP;TAXWEDGE;TOT;PC_LC;A;2019;39.407.415;39407415;39407415;39,40742%
ESP;TAXWEDGE;TOT;PC_LC;A;2020;39.289.026;39289026;39289026;39,28903%
SWE;TAXWEDGE;TOT;PC_LC;A;2000;50.139.717;50139717;50139717;50,13972%
SWE;TAXWEDGE;TOT;PC_LC;A;2001;49.099.191;49099191;49099191;49,09919%
SWE;TAXWEDGE;TOT;PC_LC;A;2002;47.768.617;47768617;47768617;47,76862%
SWE;TAXWEDGE;TOT;PC_LC;A;2003;48.229.722;48229722;48229722;48,22972%
SWE;TAXWEDGE;TOT;PC_LC;A;2004;4.839.539;48395390;48395390;48,39539%
SWE;TAXWEDGE;TOT;PC_LC;A;2005;4.805.073;48050730;48050730;48,05073%
SWE;TAXWEDGE;TOT;PC_LC;A;2006;4.775.037;47750370;47750370;47,75037%
SWE;TAXWEDGE;TOT;PC_LC;A;2007;45.322.344;45322344;45322344;45,32234%
SWE;TAXWEDGE;TOT;PC_LC;A;2008;4.481.103;44811030;44811030;44,81103%
SWE;TAXWEDGE;TOT;PC_LC;A;2009;43.233.667;43233667;43233667;43,23367%
SWE;TAXWEDGE;TOT;PC_LC;A;2010;42.756.325;42756325;42756325;42,75633%
SWE;TAXWEDGE;TOT;PC_LC;A;2011;42.814.102;42814102;42814102;42,81410%
SWE;TAXWEDGE;TOT;PC_LC;A;2012;4.285.535;42855350;42855350;42,85535%
SWE;TAXWEDGE;TOT;PC_LC;A;2013;43.010.853;43010853;43010853;43,01085%
SWE;TAXWEDGE;TOT;PC_LC;A;2014;4.246.309;42463090;42463090;42,46309%
SWE;TAXWEDGE;TOT;PC_LC;A;2015;42.612.492;42612492;42612492;42,61249%
SWE;TAXWEDGE;TOT;PC_LC;A;2016;42.842.793;42842793;42842793;42,84279%
SWE;TAXWEDGE;TOT;PC_LC;A;2017;42.933.366;42933366;42933366;42,93337%
SWE;TAXWEDGE;TOT;PC_LC;A;2018;42.990.505;42990505;42990505;42,99051%
SWE;TAXWEDGE;TOT;PC_LC;A;2019;42.584.043;42584043;42584043;42,58404%
SWE;TAXWEDGE;TOT;PC_LC;A;2020;42.672.573;42672573;42672573;42,67257%
CHE;TAXWEDGE;TOT;PC_LC;A;2000;22.871.766;22871766;22871766;22,87177%
CHE;TAXWEDGE;TOT;PC_LC;A;2001;22.895.794;22895794;22895794;22,89579%
CHE;TAXWEDGE;TOT;PC_LC;A;2002;22.885.207;22885207;22885207;22,88521%
CHE;TAXWEDGE;TOT;PC_LC;A;2003;22.425.267;22425267;22425267;22,42527%
CHE;TAXWEDGE;TOT;PC_LC;A;2004;22.204.579;22204579;22204579;22,20458%
CHE;TAXWEDGE;TOT;PC_LC;A;2005;22.215.922;22215922;22215922;22,21592%
CHE;TAXWEDGE;TOT;PC_LC;A;2006;22.110.921;22110921;22110921;22,11092%
CHE;TAXWEDGE;TOT;PC_LC;A;2007;22.393.375;22393375;22393375;22,39338%
CHE;TAXWEDGE;TOT;PC_LC;A;2008;21.857.035;21857035;21857035;21,85704%
CHE;TAXWEDGE;TOT;PC_LC;A;2009;21.931.432;21931432;21931432;21,93143%
CHE;TAXWEDGE;TOT;PC_LC;A;2010;22.097.216;22097216;22097216;22,09722%
CHE;TAXWEDGE;TOT;PC_LC;A;2011;22.302.919;22302919;22302919;22,30292%
CHE;TAXWEDGE;TOT;PC_LC;A;2012;22.110.907;22110907;22110907;22,11091%
CHE;TAXWEDGE;TOT;PC_LC;A;2013;22.210.669;22210669;22210669;22,21067%
CHE;TAXWEDGE;TOT;PC_LC;A;2014;21.868.976;21868976;21868976;21,86898%
CHE;TAXWEDGE;TOT;PC_LC;A;2015;21.855.026;21855026;21855026;21,85503%
CHE;TAXWEDGE;TOT;PC_LC;A;2016;22.065.636;22065636;22065636;22,06564%
CHE;TAXWEDGE;TOT;PC_LC;A;2017;22.072.438;22072438;22072438;22,07244%
CHE;TAXWEDGE;TOT;PC_LC;A;2018;22.221.034;22221034;22221034;22,22103%
CHE;TAXWEDGE;TOT;PC_LC;A;2019;22.287.656;22287656;22287656;22,28766%
CHE;TAXWEDGE;TOT;PC_LC;A;2020;22.062.875;22062875;22062875;22,06288%
TUR;TAXWEDGE;TOT;PC_LC;A;2000;4.036.334;40363340;40363340;40,36334%
TUR;TAXWEDGE;TOT;PC_LC;A;2001;43.604.851;43604851;43604851;43,60485%
TUR;TAXWEDGE;TOT;PC_LC;A;2002;42.484.984;42484984;42484984;42,48498%
TUR;TAXWEDGE;TOT;PC_LC;A;2003;42.194.855;42194855;42194855;42,19486%
TUR;TAXWEDGE;TOT;PC_LC;A;2004;4.275.790;42757900;42757900;42,75790%
TUR;TAXWEDGE;TOT;PC_LC;A;2005;42.800.849;42800849;42800849;42,80085%
TUR;TAXWEDGE;TOT;PC_LC;A;2006;42.685.484;42685484;42685484;42,68548%
TUR;TAXWEDGE;TOT;PC_LC;A;2007;42.219.318;42219318;42219318;42,21932%
TUR;TAXWEDGE;TOT;PC_LC;A;2008;38.721.943;38721943;38721943;38,72194%
TUR;TAXWEDGE;TOT;PC_LC;A;2009;3.673.884;36738840;36738840;36,73884%
TUR;TAXWEDGE;TOT;PC_LC;A;2010;36.977.973;36977973;36977973;36,97797%
TUR;TAXWEDGE;TOT;PC_LC;A;2011;37.028.177;37028177;37028177;37,02818%
TUR;TAXWEDGE;TOT;PC_LC;A;2012;3.712.741;37127410;37127410;37,12741%
TUR;TAXWEDGE;TOT;PC_LC;A;2013;3.735.727;37357270;37357270;37,35727%
TUR;TAXWEDGE;TOT;PC_LC;A;2014;38.086.217;38086217;38086217;38,08622%
TUR;TAXWEDGE;TOT;PC_LC;A;2015;3.818.596;38185960;38185960;38,18596%
TUR;TAXWEDGE;TOT;PC_LC;A;2016;38.241.023;38241023;38241023;38,24102%
TUR;TAXWEDGE;TOT;PC_LC;A;2017;38.897.567;38897567;38897567;38,89757%
TUR;TAXWEDGE;TOT;PC_LC;A;2018;39.247.185;39247185;39247185;39,24719%
TUR;TAXWEDGE;TOT;PC_LC;A;2019;39.576.678;39576678;39576678;39,57668%
TUR;TAXWEDGE;TOT;PC_LC;A;2020;39.664.269;39664269;39664269;39,66427%
GBR;TAXWEDGE;TOT;PC_LC;A;2000;32.590.398;32590398;32590398;32,59040%
GBR;TAXWEDGE;TOT;PC_LC;A;2001;3.218.807;32188070;32188070;32,18807%
GBR;TAXWEDGE;TOT;PC_LC;A;2002;32.251.521;32251521;32251521;32,25152%
GBR;TAXWEDGE;TOT;PC_LC;A;2003;33.794.608;33794608;33794608;33,79461%
GBR;TAXWEDGE;TOT;PC_LC;A;2004;33.920.048;33920048;33920048;33,92005%
GBR;TAXWEDGE;TOT;PC_LC;A;2005;33.943.313;33943313;33943313;33,94331%
GBR;TAXWEDGE;TOT;PC_LC;A;2006;33.981.118;33981118;33981118;33,98112%
GBR;TAXWEDGE;TOT;PC_LC;A;2007;34.123.721;34123721;34123721;34,12372%
GBR;TAXWEDGE;TOT;PC_LC;A;2008;3.278.177;32781770;32781770;32,78177%
GBR;TAXWEDGE;TOT;PC_LC;A;2009;32.407.154;32407154;32407154;32,40715%
GBR;TAXWEDGE;TOT;PC_LC;A;2010;32.582.675;32582675;32582675;32,58268%
GBR;TAXWEDGE;TOT;PC_LC;A;2011;32.456.784;32456784;32456784;32,45678%
GBR;TAXWEDGE;TOT;PC_LC;A;2012;32.091.517;32091517;32091517;32,09152%
GBR;TAXWEDGE;TOT;PC_LC;A;2013;31.361.598;31361598;31361598;31,36160%
GBR;TAXWEDGE;TOT;PC_LC;A;2014;30.956.356;30956356;30956356;30,95636%
GBR;TAXWEDGE;TOT;PC_LC;A;2015;30.814.131;30814131;30814131;30,81413%
GBR;TAXWEDGE;TOT;PC_LC;A;2016;30.913.017;30913017;30913017;30,91302%
GBR;TAXWEDGE;TOT;PC_LC;A;2017;30.990.924;30990924;30990924;30,99092%
GBR;TAXWEDGE;TOT;PC_LC;A;2018;30.969.121;30969121;30969121;30,96912%
GBR;TAXWEDGE;TOT;PC_LC;A;2019;30.933.591;30933591;30933591;30,93359%
GBR;TAXWEDGE;TOT;PC_LC;A;2020;30.832.131;30832131;30832131;30,83213%
USA;TAXWEDGE;TOT;PC_LC;A;2000;30.843.152;30843152;30843152;30,84315%
USA;TAXWEDGE;TOT;PC_LC;A;2001;30.739.565;30739565;30739565;30,73957%
USA;TAXWEDGE;TOT;PC_LC;A;2002;30.584.252;30584252;30584252;30,58425%
USA;TAXWEDGE;TOT;PC_LC;A;2003;30.460.411;30460411;30460411;30,46041%
USA;TAXWEDGE;TOT;PC_LC;A;2004;30.482.758;30482758;30482758;30,48276%
USA;TAXWEDGE;TOT;PC_LC;A;2005;30.418.159;30418159;30418159;30,41816%
USA;TAXWEDGE;TOT;PC_LC;A;2006;30.552.005;30552005;30552005;30,55201%
USA;TAXWEDGE;TOT;PC_LC;A;2007;30.917.168;30917168;30917168;30,91717%
USA;TAXWEDGE;TOT;PC_LC;A;2008;30.061.773;30061773;30061773;30,06177%
USA;TAXWEDGE;TOT;PC_LC;A;2009;30.278.889;30278889;30278889;30,27889%
USA;TAXWEDGE;TOT;PC_LC;A;2010;30.747.766;30747766;30747766;30,74777%
USA;TAXWEDGE;TOT;PC_LC;A;2011;29.905.917;29905917;29905917;29,90592%
USA;TAXWEDGE;TOT;PC_LC;A;2012;29.842.844;29842844;29842844;29,84284%
USA;TAXWEDGE;TOT;PC_LC;A;2013;31.450.768;31450768;31450768;31,45077%
USA;TAXWEDGE;TOT;PC_LC;A;2014;31.641.234;31641234;31641234;31,64123%
USA;TAXWEDGE;TOT;PC_LC;A;2015;31.437.078;31437078;31437078;31,43708%
USA;TAXWEDGE;TOT;PC_LC;A;2016;31.580.608;31580608;31580608;31,58061%
USA;TAXWEDGE;TOT;PC_LC;A;2017;31.775.433;31775433;31775433;31,77543%
USA;TAXWEDGE;TOT;PC_LC;A;2018;29.598.968;29598968;29598968;29,59897%
USA;TAXWEDGE;TOT;PC_LC;A;2019;29.655.894;29655894;29655894;29,65589%
USA;TAXWEDGE;TOT;PC_LC;A;2020;28.290.867;28290867;28290867;28,29087%
EST;TAXWEDGE;TOT;PC_LC;A;2000;41.309.371;41309371;41309371;41,30937%
EST;TAXWEDGE;TOT;PC_LC;A;2001;40.963.905;40963905;40963905;40,96391%
EST;TAXWEDGE;TOT;PC_LC;A;2002;42.088.547;42088547;42088547;42,08855%
EST;TAXWEDGE;TOT;PC_LC;A;2003;42.322.317;42322317;42322317;42,32232%
EST;TAXWEDGE;TOT;PC_LC;A;2004;41.468.851;41468851;41468851;41,46885%
EST;TAXWEDGE;TOT;PC_LC;A;2005;39.922.469;39922469;39922469;39,92247%
EST;TAXWEDGE;TOT;PC_LC;A;2006;39.032.301;39032301;39032301;39,03230%
EST;TAXWEDGE;TOT;PC_LC;A;2007;39.004.571;39004571;39004571;39,00457%
EST;TAXWEDGE;TOT;PC_LC;A;2008;38.384.307;38384307;38384307;38,38431%
EST;TAXWEDGE;TOT;PC_LC;A;2009;39.170.551;39170551;39170551;39,17055%
EST;TAXWEDGE;TOT;PC_LC;A;2010;40.089.905;40089905;40089905;40,08991%
EST;TAXWEDGE;TOT;PC_LC;A;2011;40.261.904;40261904;40261904;40,26190%
EST;TAXWEDGE;TOT;PC_LC;A;2012;40.412.424;40412424;40412424;40,41242%
EST;TAXWEDGE;TOT;PC_LC;A;2013;39.915.588;39915588;39915588;39,91559%
EST;TAXWEDGE;TOT;PC_LC;A;2014;40.028.984;40028984;40028984;40,02898%
EST;TAXWEDGE;TOT;PC_LC;A;2015;39.048.336;39048336;39048336;39,04834%
EST;TAXWEDGE;TOT;PC_LC;A;2016;38.992.936;38992936;38992936;38,99294%
EST;TAXWEDGE;TOT;PC_LC;A;2017;39.012.257;39012257;39012257;39,01226%
EST;TAXWEDGE;TOT;PC_LC;A;2018;36.169.987;36169987;36169987;36,16999%
EST;TAXWEDGE;TOT;PC_LC;A;2019;37.026.177;37026177;37026177;37,02618%
EST;TAXWEDGE;TOT;PC_LC;A;2020;3.689.154;36891540;36891540;36,89154%
ISR;TAXWEDGE;TOT;PC_LC;A;2000;29.576.715;29576715;29576715;29,57672%
ISR;TAXWEDGE;TOT;PC_LC;A;2001;30.671.188;30671188;30671188;30,67119%
ISR;TAXWEDGE;TOT;PC_LC;A;2002;30.795.671;30795671;30795671;30,79567%
ISR;TAXWEDGE;TOT;PC_LC;A;2003;27.655.171;27655171;27655171;27,65517%
ISR;TAXWEDGE;TOT;PC_LC;A;2004;26.444.075;26444075;26444075;26,44408%
ISR;TAXWEDGE;TOT;PC_LC;A;2005;2.552.123;25521230;25521230;25,52123%
ISR;TAXWEDGE;TOT;PC_LC;A;2006;24.314.712;24314712;24314712;24,31471%
ISR;TAXWEDGE;TOT;PC_LC;A;2007;2.492.694;24926940;24926940;24,92694%
ISR;TAXWEDGE;TOT;PC_LC;A;2008;22.898.402;22898402;22898402;22,89840%
ISR;TAXWEDGE;TOT;PC_LC;A;2009;21.299.795;21299795;21299795;21,29980%
ISR;TAXWEDGE;TOT;PC_LC;A;2010;20.716.439;20716439;20716439;20,71644%
ISR;TAXWEDGE;TOT;PC_LC;A;2011;20.784.895;20784895;20784895;20,78490%
ISR;TAXWEDGE;TOT;PC_LC;A;2012;20.392.396;20392396;20392396;20,39240%
ISR;TAXWEDGE;TOT;PC_LC;A;2013;2.035.099;20350990;20350990;20,35099%
ISR;TAXWEDGE;TOT;PC_LC;A;2014;21.069.465;21069465;21069465;21,06947%
ISR;TAXWEDGE;TOT;PC_LC;A;2015;21.764.344;21764344;21764344;21,76434%
ISR;TAXWEDGE;TOT;PC_LC;A;2016;22.278.929;22278929;22278929;22,27893%
ISR;TAXWEDGE;TOT;PC_LC;A;2017;2.207.336;22073360;22073360;22,07336%
ISR;TAXWEDGE;TOT;PC_LC;A;2018;22.671.065;22671065;22671065;22,67107%
ISR;TAXWEDGE;TOT;PC_LC;A;2019;22.936.047;22936047;22936047;22,93605%
ISR;TAXWEDGE;TOT;PC_LC;A;2020;22.406.822;22406822;22406822;22,40682%
SVN;TAXWEDGE;TOT;PC_LC;A;2000;46.251.725;46251725;46251725;46,25173%
SVN;TAXWEDGE;TOT;PC_LC;A;2001;46.153.982;46153982;46153982;46,15398%
SVN;TAXWEDGE;TOT;PC_LC;A;2002;46.070.724;46070724;46070724;46,07072%
SVN;TAXWEDGE;TOT;PC_LC;A;2003;46.156.228;46156228;46156228;46,15623%
SVN;TAXWEDGE;TOT;PC_LC;A;2004;46.277.781;46277781;46277781;46,27778%
SVN;TAXWEDGE;TOT;PC_LC;A;2005;45.550.904;45550904;45550904;45,55090%
SVN;TAXWEDGE;TOT;PC_LC;A;2006;45.293.668;45293668;45293668;45,29367%
SVN;TAXWEDGE;TOT;PC_LC;A;2007;4.328.492;43284920;43284920;43,28492%
SVN;TAXWEDGE;TOT;PC_LC;A;2008;42.876.682;42876682;42876682;42,87668%
SVN;TAXWEDGE;TOT;PC_LC;A;2009;42.239.052;42239052;42239052;42,23905%
SVN;TAXWEDGE;TOT;PC_LC;A;2010;42.539.289;42539289;42539289;42,53929%
SVN;TAXWEDGE;TOT;PC_LC;A;2011;42.647.217;42647217;42647217;42,64722%
SVN;TAXWEDGE;TOT;PC_LC;A;2012;4.250.224;42502240;42502240;42,50224%
SVN;TAXWEDGE;TOT;PC_LC;A;2013;42.372.659;42372659;42372659;42,37266%
SVN;TAXWEDGE;TOT;PC_LC;A;2014;42.505.138;42505138;42505138;42,50514%
SVN;TAXWEDGE;TOT;PC_LC;A;2015;42.572.902;42572902;42572902;42,57290%
SVN;TAXWEDGE;TOT;PC_LC;A;2016;42.686.203;42686203;42686203;42,68620%
SVN;TAXWEDGE;TOT;PC_LC;A;2017;42.907.803;42907803;42907803;42,90780%
SVN;TAXWEDGE;TOT;PC_LC;A;2018;4.321.038;43210380;43210380;43,21038%
SVN;TAXWEDGE;TOT;PC_LC;A;2019;43.478.565;43478565;43478565;43,47857%
SVN;TAXWEDGE;TOT;PC_LC;A;2020;42.925.776;42925776;42925776;42,92578%
OAVG;TAXWEDGE;TOT;PC_LC;A;2000;36.395.164;36395164;36395164;36,39516%
OAVG;TAXWEDGE;TOT;PC_LC;A;2001;36.052.334;36052334;36052334;36,05233%
OAVG;TAXWEDGE;TOT;PC_LC;A;2002;35.959.209;35959209;35959209;35,95921%
OAVG;TAXWEDGE;TOT;PC_LC;A;2003;35.796.166;35796166;35796166;35,79617%
OAVG;TAXWEDGE;TOT;PC_LC;A;2004;3.587.610;35876100;35876100;35,87610%
OAVG;TAXWEDGE;TOT;PC_LC;A;2005;35.676.096;35676096;35676096;35,67610%
OAVG;TAXWEDGE;TOT;PC_LC;A;2006;35.634.468;35634468;35634468;35,63447%
OAVG;TAXWEDGE;TOT;PC_LC;A;2007;35.586.344;35586344;35586344;35,58634%
OAVG;TAXWEDGE;TOT;PC_LC;A;2008;35.102.002;35102002;35102002;35,10200%
OAVG;TAXWEDGE;TOT;PC_LC;A;2009;3.458.122;34581220;34581220;34,58122%
OAVG;TAXWEDGE;TOT;PC_LC;A;2010;34.647.625;34647625;34647625;34,64763%
OAVG;TAXWEDGE;TOT;PC_LC;A;2011;35.106.553;35106553;35106553;35,10655%
OAVG;TAXWEDGE;TOT;PC_LC;A;2012;35.242.763;35242763;35242763;35,24276%
OAVG;TAXWEDGE;TOT;PC_LC;A;2013;3.546.694;35466940;35466940;35,46694%
OAVG;TAXWEDGE;TOT;PC_LC;A;2014;35.451.145;35451145;35451145;35,45115%
OAVG;TAXWEDGE;TOT;PC_LC;A;2015;35.410.825;35410825;35410825;35,41083%
OAVG;TAXWEDGE;TOT;PC_LC;A;2016;35.364.282;35364282;35364282;35,36428%
OAVG;TAXWEDGE;TOT;PC_LC;A;2017;35.224.407;35224407;35224407;35,22441%
OAVG;TAXWEDGE;TOT;PC_LC;A;2018;35.101.321;35101321;35101321;35,10132%
OAVG;TAXWEDGE;TOT;PC_LC;A;2019;35.014.927;35014927;35014927;35,01493%
OAVG;TAXWEDGE;TOT;PC_LC;A;2020;3.462.586;34625860;34625860;34,62586%
LVA;TAXWEDGE;TOT;PC_LC;A;2000;432.122;4321220;43212200;43,21220%
LVA;TAXWEDGE;TOT;PC_LC;A;2001;4.296.926;42969260;42969260;42,96926%
LVA;TAXWEDGE;TOT;PC_LC;A;2002;431.385;4313850;43138500;43,13850%
LVA;TAXWEDGE;TOT;PC_LC;A;2003;42.702.067;42702067;42702067;42,70207%
LVA;TAXWEDGE;TOT;PC_LC;A;2004;42.844.819;42844819;42844819;42,84482%
LVA;TAXWEDGE;TOT;PC_LC;A;2005;43.142.779;43142779;43142779;43,14278%
LVA;TAXWEDGE;TOT;PC_LC;A;2006;42.718.848;42718848;42718848;42,71885%
LVA;TAXWEDGE;TOT;PC_LC;A;2007;42.248.624;42248624;42248624;42,24862%
LVA;TAXWEDGE;TOT;PC_LC;A;2008;41.345.542;41345542;41345542;41,34554%
LVA;TAXWEDGE;TOT;PC_LC;A;2009;40.885;408850;4088500;40,88500%
LVA;TAXWEDGE;TOT;PC_LC;A;2010;44.041.992;44041992;44041992;44,04199%
LVA;TAXWEDGE;TOT;PC_LC;A;2011;44.205.257;44205257;44205257;44,20526%
LVA;TAXWEDGE;TOT;PC_LC;A;2012;44.272.202;44272202;44272202;44,27220%
LVA;TAXWEDGE;TOT;PC_LC;A;2013;43.717.217;43717217;43717217;43,71722%
LVA;TAXWEDGE;TOT;PC_LC;A;2014;43.020.093;43020093;43020093;43,02009%
LVA;TAXWEDGE;TOT;PC_LC;A;2015;4.251.311;42513110;42513110;42,51311%
LVA;TAXWEDGE;TOT;PC_LC;A;2016;42.469.432;42469432;42469432;42,46943%
LVA;TAXWEDGE;TOT;PC_LC;A;2017;42.741.284;42741284;42741284;42,74128%
LVA;TAXWEDGE;TOT;PC_LC;A;2018;42.586.822;42586822;42586822;42,58682%
LVA;TAXWEDGE;TOT;PC_LC;A;2019;42.464.223;42464223;42464223;42,46422%
LVA;TAXWEDGE;TOT;PC_LC;A;2020;41.842.336;41842336;41842336;41,84234%
LTU;TAXWEDGE;TOT;PC_LC;A;2000;45.696.584;45696584;45696584;45,69658%
LTU;TAXWEDGE;TOT;PC_LC;A;2001;45.720.316;45720316;45720316;45,72032%
LTU;TAXWEDGE;TOT;PC_LC;A;2002;45.180.629;45180629;45180629;45,18063%
LTU;TAXWEDGE;TOT;PC_LC;A;2003;4.434.983;44349830;44349830;44,34983%
LTU;TAXWEDGE;TOT;PC_LC;A;2004;44.830.033;44830033;44830033;44,83003%
LTU;TAXWEDGE;TOT;PC_LC;A;2005;45.434.574;45434574;45434574;45,43457%
LTU;TAXWEDGE;TOT;PC_LC;A;2006;44.440.055;44440055;44440055;44,44006%
LTU;TAXWEDGE;TOT;PC_LC;A;2007;43.016.643;43016643;43016643;43,01664%
LTU;TAXWEDGE;TOT;PC_LC;A;2008;41.588.709;41588709;41588709;41,58871%
LTU;TAXWEDGE;TOT;PC_LC;A;2009;40.683.761;40683761;40683761;40,68376%
LTU;TAXWEDGE;TOT;PC_LC;A;2010;405.977;4059770;40597700;40,59770%
LTU;TAXWEDGE;TOT;PC_LC;A;2011;40.712.289;40712289;40712289;40,71229%
LTU;TAXWEDGE;TOT;PC_LC;A;2012;40.916.591;40916591;40916591;40,91659%
LTU;TAXWEDGE;TOT;PC_LC;A;2013;41.111.906;41111906;41111906;41,11191%
LTU;TAXWEDGE;TOT;PC_LC;A;2014;40.982.305;40982305;40982305;40,98231%
LTU;TAXWEDGE;TOT;PC_LC;A;2015;41.205.057;41205057;41205057;41,20506%
LTU;TAXWEDGE;TOT;PC_LC;A;2016;41.289.383;41289383;41289383;41,28938%
LTU;TAXWEDGE;TOT;PC_LC;A;2017;41.074.653;41074653;41074653;41,07465%
LTU;TAXWEDGE;TOT;PC_LC;A;2018;40.661.721;40661721;40661721;40,66172%
LTU;TAXWEDGE;TOT;PC_LC;A;2019;37.656.988;37656988;37656988;37,65699%
LTU;TAXWEDGE;TOT;PC_LC;A;2020;36.899.795;36899795;36899795;36,89980%